[{"id":"1","title":"Sofa1 Single","type":"furniture","imagePath":"E:\\Coding\\htdocs\\foodAR\\public\\image\\1700679175666-Sofa (2).png","modelPath":"\\model\\1700679175774-BarStool.glb","patternRatio":0.65,"imageSize":450,"borderColor":"black","patternFilePath":"\\patt\\1700679175666-Sofa (2).patt","markerImagePath":"\\image\\marker\\1700679175666-Sofa (2).png"},{"id":"0.3428815434063961","title":"Sofa1 double","type":"furniture","imagePath":"E:\\Coding\\htdocs\\foodAR\\public\\image\\1700681736105-Sofa (3).png","modelPath":"\\model\\1700681736110-DoubleSeaterSofa.glb","patternRatio":0.65,"imageSize":450,"borderColor":"black","patternFilePath":"\\patt\\1700681736105-Sofa (3).patt","markerImagePath":"\\image\\marker\\1700681736105-Sofa (3).png"},{"id":"0.3992657480288182","title":"Sofa1 - Tripple","type":"furniture","imagePath":"E:\\Coding\\htdocs\\foodAR\\public\\image\\1700722966397-Sofa (4).png","modelPath":"\\model\\1700722966431-ThreeSeaterSofa.glb","patternRatio":0.65,"imageSize":450,"borderColor":"black","patternFilePath":"\\patt\\1700722966397-Sofa (4).patt","markerImagePath":"\\image\\marker\\1700722966397-Sofa (4).png"},{"id":"0.33979371263877245","title":"Barstool","type":"furniture","imagePath":"E:\\Coding\\htdocs\\foodAR\\public\\image\\1700723446275-barstool.png","modelPath":"\\model\\1700723446279-BarStool.glb","patternRatio":0.65,"imageSize":450,"borderColor":"black","patternFilePath":"\\patt\\1700723446275-barstool.patt","markerImagePath":"\\image\\marker\\1700723446275-barstool.png"},{"id":"0.3497485081131093","title":"Chair","type":"furniture","imagePath":"E:\\Coding\\htdocs\\foodAR\\public\\image\\1700723609649-chair.png","modelPath":"\\model\\1700723609694-Chair.glb","patternRatio":0.65,"imageSize":450,"borderColor":"black","patternFilePath":"\\patt\\1700723609649-chair.patt","markerImagePath":"\\image\\marker\\1700723609649-chair.png"},{"id":"0.9059414115460986","title":"Jamaica","type":"furniture","imagePath":"E:\\Coding\\htdocs\\foodAR\\public\\image\\1700724043366-jamaica.png","modelPath":"\\model\\1700724043374-Jamaica.glb","patternRatio":0.65,"imageSize":450,"borderColor":"black","patternFilePath":"\\patt\\1700724043366-jamaica.patt","markerImagePath":"\\image\\marker\\1700724043366-jamaica.png"},{"id":"0.40116636037731657","title":"Lounger","type":"furniture","imagePath":"E:\\Coding\\htdocs\\foodAR\\public\\image\\1700724410463-lounger.png","modelPath":"\\model\\1700724410466-Lounger.glb","patternRatio":0.5,"imageSize":450,"borderColor":"black","patternFilePath":"\\patt\\1700724410463-lounger.patt","markerImagePath":"\\image\\marker\\1700724410463-lounger.png"},{"id":"0.5912735539609115","title":"Food","type":"food","imagePath":"E:\\Coding\\htdocs\\foodAR\\public\\image\\1700724699323-breakfast.png","modelPath":"\\model\\1700724699327-Breakfast.glb","patternRatio":0.5,"imageSize":450,"borderColor":"black","patternFilePath":"\\patt\\1700724699323-breakfast.patt","markerImagePath":"\\image\\marker\\1700724699323-breakfast.png"},{"id":"0.8450704935105304","title":"asd","type":"furniture","imagePath":"E:\\xampp-new\\htdocs\\foodAR\\public\\image\\1705993723389-12.png","modelPath":"\\model\\1705993723390-12.png","patternRatio":0.65,"imageSize":450,"borderColor":"black","patternFilePath":"\\patt\\1705993723389-12.patt","markerImagePath":"\\image\\marker\\1705993723389-12.png"},{"id":"0.5890062264249958","title":"asd","type":"furniture","imagePath":"E:\\xampp-new\\htdocs\\foodAR\\public\\image\\asd","modelPath":"\\model\\1705993839016-12.png","patternRatio":0.65,"imageSize":450,"borderColor":"black","patternFilePath":"\\patt\\asd.patt","markerImagePath":"\\image\\marker\\asd.png"},{"id":"0.8815335873574845","title":"asd","type":"furniture","imagePath":"E:\\xampp-new\\htdocs\\foodAR\\public\\image\\asd","modelPath":"\\model\\1705993849613-12.png","patternRatio":0.65,"imageSize":450,"borderColor":"black","patternFilePath":"\\patt\\asd.patt","markerImagePath":"\\image\\marker\\asd.png"},{"id":"0.9671583150144316","title":"asd","type":"furniture","imagePath":"E:\\xampp-new\\htdocs\\foodAR\\public\\image\\asd","modelPath":"\\model\\1705993903597-12.png","patternRatio":0.65,"imageSize":450,"borderColor":"black","patternFilePath":"\\patt\\asd.patt","markerImagePath":"\\image\\marker\\asd.png"},{"id":"0.7650466918966721","title":"asd","type":"furniture","imagePath":"E:\\xampp-new\\htdocs\\foodAR\\public\\image\\asd","modelPath":"\\model\\1705993997399-12.png","patternRatio":0.65,"imageSize":450,"borderColor":"black","patternFilePath":"\\patt\\asd.png.patt","markerImagePath":"\\image\\marker\\asd.png.png"},{"id":"0.7062544763374383","title":"zzzz","type":"furniture","imagePath":"E:\\xampp-new\\htdocs\\foodAR\\public\\image\\zzzz","modelPath":"\\model\\1705994021267-12.png","patternRatio":0.65,"imageSize":450,"borderColor":"black","patternFilePath":"\\patt\\zzzz.png.patt","markerImagePath":"\\image\\marker\\zzzz.png.png"},{"id":"0.9128663046315919","title":"zzzz","type":"furniture","imagePath":"E:\\xampp-new\\htdocs\\foodAR\\public\\image\\zzzz","modelPath":"\\model\\1705994056706-12.png","patternRatio":0.65,"imageSize":450,"borderColor":"black","patternFilePath":"\\patt\\zzzz.png.patt","markerImagePath":"\\image\\marker\\zzzz.png.png"},{"id":"0.21259878136332722","title":"zzzz","type":"furniture","imagePath":"E:\\xampp-new\\htdocs\\foodAR\\public\\image\\1705994098713-12.png","modelPath":"\\model\\1705994098713-12.png","patternRatio":0.65,"imageSize":450,"borderColor":"black","patternFilePath":"\\patt\\zzzz.png.patt","markerImagePath":"\\image\\marker\\zzzz.png.png"},{"id":"0.3392654885295956","title":"zzzz","type":"furniture","imagePath":"E:\\xampp-new\\htdocs\\foodAR\\public\\image\\1705994147285-12.png","modelPath":"\\model\\1705994147285-12.png","patternRatio":0.65,"imageSize":450,"borderColor":"black","patternFilePath":"\\patt\\zzzz.png.patt","markerImagePath":"\\image\\marker\\zzzz.png.png"},{"id":"0.2150276851407944","title":"zzzz","type":"furniture","imagePath":"E:\\xampp-new\\htdocs\\foodAR\\public\\image\\zzzz.png","modelPath":"\\model\\1705994252253-12.png","patternRatio":0.65,"imageSize":450,"borderColor":"black","patternFilePath":"\\patt\\zzzz.png.patt","markerImagePath":"\\image\\marker\\zzzz.png.png"},{"id":"0.5932139247760133","title":"zzzz","type":"furniture","imagePath":"E:\\xampp-new\\htdocs\\foodAR\\public\\image\\zzzz.png","modelPath":"\\model\\1705994473180-12.png","patternRatio":0.65,"imageSize":450,"borderColor":"black","patternFilePath":"\\patt\\zzzz.png.patt","markerImagePath":"\\image\\marker\\zzzz.png.png"},{"id":"0.4939901671121669","title":"asd","type":"furniture","imagePath":"E:\\xampp-new\\htdocs\\foodAR\\public\\image\\asd.png","modelPath":"\\model\\1705994503431-12.png","patternRatio":0.65,"imageSize":450,"borderColor":"black","patternFilePath":"\\patt\\asd.png.patt","markerImagePath":"\\image\\marker\\asd.png.png"},{"id":"0.19655023696520213","title":"asd","type":"furniture","imagePath":"E:\\xampp-new\\htdocs\\foodAR\\public\\image\\asd.png","modelPath":"\\model\\1705994545110-12.png","patternRatio":0.65,"imageSize":450,"borderColor":"black","patternFilePath":"\\patt\\asd.png.patt","markerImagePath":"\\image\\marker\\asd.png.png"},{"id":"0.6237292807292587","title":"asd","type":"furniture","imagePath":"E:\\xampp-new\\htdocs\\foodAR\\public\\image\\asd.png","modelPath":"\\model\\1705994846366-12.png","patternRatio":0.65,"imageSize":450,"borderColor":"black","patternFilePath":"\\patt\\asd.png.patt","markerImagePath":"\\image\\marker\\asd.png.png"},{"id":"0.6268718335445442","title":"asd","type":"furniture","imagePath":"E:\\xampp-new\\htdocs\\foodAR\\public\\image\\asd.png","modelPath":"\\model\\1705994886903-12.png","patternRatio":0.65,"imageSize":450,"borderColor":"black","patternFilePath":"\\patt\\asd.png.patt","markerImagePath":"\\image\\marker\\asd.png.png"},{"id":"0.6829730382880428","title":"asd","type":"furniture","imagePath":"E:\\xampp-new\\htdocs\\foodAR\\public\\image\\asd.png","modelPath":"\\model\\1705994945110-12.png","patternRatio":0.65,"imageSize":450,"borderColor":"black","patternFilePath":"\\patt\\asd.patt","markerImagePath":"\\image\\marker\\asd.png"},{"id":"0.8543964671779134","title":"asd","type":"furniture","imagePath":"E:\\xampp-new\\htdocs\\foodAR\\public\\image\\asd.png","modelPath":"\\model\\1705995001326-12.png","patternRatio":0.65,"imageSize":450,"borderColor":"black","patternFilePath":"\\patt\\asd.patt","markerImagePath":"\\image\\marker\\asd.png"},{"id":"0.6821360285049536","title":"asd","type":"furniture","imagePath":"E:\\xampp-new\\htdocs\\foodAR\\public\\image\\asd.png","modelPath":"\\model\\1705995788084-12.png","patternRatio":0.65,"imageSize":450,"borderColor":"black","patternFilePath":"\\patt\\asd.patt","markerImagePath":"\\image\\marker\\asd.png"},{"id":"0.37856351492910845","title":"asd","type":"furniture","imagePath":"E:\\xampp-new\\htdocs\\foodAR\\public\\image\\asd.png","modelPath":"\\model\\1705995883703-12.png","patternRatio":0.65,"imageSize":450,"borderColor":"black","patternFilePath":"\\patt\\asd.patt","markerImagePath":"\\image\\marker\\asd.png"},{"id":"0.9303179503516468","title":"asd","type":"furniture","imagePath":"E:\\xampp-new\\htdocs\\foodAR\\public\\image\\asd.png","modelPath":"\\model\\1705995902936-12.png","patternRatio":0.65,"imageSize":450,"borderColor":"black","patternFilePath":"\\patt\\asd.patt","markerImagePath":"\\image\\marker\\asd.png"},{"id":"0.6533163891504918","title":"asd","type":"furniture","imagePath":"E:\\xampp-new\\htdocs\\foodAR\\public\\image\\asd.png","modelPath":"\\model\\1705995915532-12.png","patternRatio":0.65,"imageSize":450,"borderColor":"black","patternFilePath":"\\patt\\asd.patt","markerImagePath":"\\image\\marker\\asd.png"},{"id":"0.6943166254016409","title":"xxxx","type":"furniture","imagePath":"E:\\xampp-new\\htdocs\\foodAR\\public\\image\\xxxx.png","modelPath":"\\model\\1705995987667-12.png","patternRatio":0.65,"imageSize":450,"borderColor":"black","patternFilePath":"\\patt\\xxxx.patt","markerImagePath":"\\image\\marker\\xxxx.png"},{"id":"0.5792259049226494","title":"xxxx","type":"furniture","imagePath":"E:\\xampp-new\\htdocs\\foodAR\\public\\image\\xxxx.png","modelPath":"\\model\\1705998444621-12.png","patternRatio":0.65,"imageSize":450,"borderColor":"black","patternFilePath":"\\patt\\xxxx.patt","markerImagePath":"\\image\\marker\\xxxx.png"},{"id":"0.6535554735723701","title":"xxxx","type":"furniture","imagePath":"E:\\xampp-new\\htdocs\\foodAR\\public\\image\\xxxx.png","modelPath":"\\model\\1705998466404-12.png","patternRatio":0.65,"imageSize":450,"borderColor":"black","patternFilePath":"\\patt\\xxxx.patt","markerImagePath":"\\image\\marker\\xxxx.png"},{"id":"0.6609215313155321","title":"xxxx","type":"furniture","imagePath":"E:\\xampp-new\\htdocs\\foodAR\\public\\image\\xxxx.png","modelPath":"\\model\\1705998570117-12.png","patternRatio":0.65,"imageSize":450,"borderColor":"black","patternFilePath":"\\patt\\xxxx.patt","markerImagePath":"\\image\\marker\\xxxx.png"}]