[{"id":"0.5601812060499027","title":"XX","type":"furniture","imagePath":"E:\\xampp-new\\htdocs\\foodAR\\public\\image\\XX.png","modelPath":"\\model\\1705999466428-BarStool.glb","patternRatio":0.65,"imageSize":450,"borderColor":"black","patternFilePath":"\\patt\\XX.patt","markerImagePath":"\\image\\marker\\XX.png"},{"id":"0.33930420074301204","title":"W2345","type":"furniture","imagePath":"E:\\xampp-new\\htdocs\\foodAR\\public\\image\\W2345.png","modelPath":"\\model\\1705999740263-chair3.glb","patternRatio":0.65,"imageSize":450,"borderColor":"black","patternFilePath":"\\patt\\W2345.patt","markerImagePath":"\\image\\marker\\W2345.png"},{"id":"0.3025517257032455","title":"tttt3","type":"furniture","imagePath":"E:\\xampp-new\\htdocs\\foodAR\\public\\image\\tttt3.png","modelPath":"\\model\\1706444574424-Jamaica.glb","patternRatio":0.65,"imageSize":450,"borderColor":"black","patternFilePath":"\\patt\\tttt3.patt","markerImagePath":"\\image\\marker\\tttt3.png"},{"id":"0.393867490831461","title":"tttt3","type":"furniture","imagePath":"E:\\xampp-new\\htdocs\\foodAR\\public\\image\\tttt3.png","modelPath":"\\model\\1706444721562-Jamaica.glb","patternRatio":0.65,"imageSize":450,"borderColor":"black","patternFilePath":"\\patt\\tttt3.patt","markerImagePath":"\\image\\marker\\tttt3.png"},{"id":"0.8282247462286079","title":"tttt3","type":"furniture","imagePath":"E:\\xampp-new\\htdocs\\foodAR\\public\\image\\tttt3.png","modelPath":"\\model\\1706446350378-Jamaica.glb","patternRatio":0.65,"imageSize":450,"borderColor":"black","patternFilePath":"\\patt\\tttt3.patt","markerImagePath":"\\image\\marker\\tttt3.png"},{"id":"0.3090486472699838","title":"111asd","type":"furniture","imagePath":"E:\\xampp-new\\htdocs\\foodAR\\public\\image\\111asd.png","modelPath":"\\model\\1706446403695-Jamaica.glb","patternRatio":0.65,"imageSize":600,"borderColor":"black","patternFilePath":"\\patt\\111asd.patt","markerImagePath":"\\image\\marker\\111asd.png"},{"id":"0.16773670907499705","title":"asdf","type":"furniture","imagePath":"E:\\xampp-new\\htdocs\\foodAR\\public\\image\\asdf.png","modelPath":"\\model\\1706447320816-Jamaica.glb","patternRatio":0.65,"imageSize":450,"borderColor":"black","patternFilePath":"\\patt\\asdf.patt","markerImagePath":"\\image\\marker\\asdf.png"},{"id":"0.2781547704883771","title":"asdf","type":"furniture","imagePath":"E:\\xampp-new\\htdocs\\foodAR\\public\\image\\asdf.png","modelPath":"\\model\\1706447524245-Jamaica.glb","patternRatio":0.65,"imageSize":450,"borderColor":"black","patternFilePath":"\\patt\\asdf.patt","markerImagePath":"\\image\\marker\\asdf.png"},{"id":"0.36303387614780536","title":"asdf","type":"furniture","imagePath":"E:\\xampp-new\\htdocs\\foodAR\\public\\image\\asdf.png","modelPath":"\\model\\1706447533391-Jamaica.glb","patternRatio":0.65,"imageSize":450,"borderColor":"black","patternFilePath":"\\patt\\asdf.patt","markerImagePath":"\\image\\marker\\asdf.png"},{"id":"0.30097012437024095","title":"asdf","type":"furniture","imagePath":"E:\\xampp-new\\htdocs\\foodAR\\public\\image\\asdf.png","modelPath":"\\model\\1706447544007-Jamaica.glb","patternRatio":0.65,"imageSize":450,"borderColor":"black","patternFilePath":"\\patt\\asdf.patt","markerImagePath":"\\image\\marker\\asdf.png"},{"id":"0.02851090244946275","title":"asdf","type":"furniture","imagePath":"E:\\xampp-new\\htdocs\\foodAR\\public\\image\\asdf.png","modelPath":"\\model\\1706447556536-Jamaica.glb","patternRatio":0.65,"imageSize":450,"borderColor":"black","patternFilePath":"\\patt\\asdf.patt","markerImagePath":"\\image\\marker\\asdf.png"},{"id":"0.5412273954761577","title":"asdf","type":"furniture","imagePath":"E:\\xampp-new\\htdocs\\foodAR\\public\\image\\asdf.png","modelPath":"\\model\\1706447627380-Jamaica.glb","patternRatio":0.65,"imageSize":450,"borderColor":"black","patternFilePath":"\\patt\\asdf.patt","markerImagePath":"\\image\\marker\\asdf.png"}]